{
    "ombh2": 0.02247,
    "omch2": 0.11923,
    "A_s": 2.10732e-9,
    "h": 0.677,
    "n_s": 0.96824,
    "tau": 0.054
}
